#,Picture,Name,Entry,Category,Type 1,Type 2,Ht (m),Wt (kg),Column 1,Ability 1,Ability 2,Hidden Ability,Regional Variant,Form,Habitat
000,,Missingno,Comment to be written.,???,Bird,Normal,3.3,1590.8,,,,,,Red/Blue,Water's Edge
001,,Bulbasaur,They are born with a seed implanted on their back that grows large over time. Researchers argued over 6 years on the issue of whether this Pokémon should be classified as an animal or a plant.,Seed,Grass,Poison,0.7,6.9,,Overgrow,,Chlorophyll,,,Grassland
002,,Ivysaur,"Bulbasaur's evolution. The plant on their back has grown to a bud. It absorbs nutrients and blooms as a large flower. When the bulb on its back grows large, it appears to lose the ability to stand on its hind legs.",Seed,Grass,Poison,1,13,,Overgrow,,Chlorophyll,,,Grassland
003,,Venusaur,"Absorbs solar energy as nutrition. When it is catching the sun's rays, it often remains quiet and still, but when it is seeking sunlight, it stays on the move. Their flower wafts a dreamily intoxicating aroma that pacifies those spoiling for a fight. It remains unclear as to what they eat to maintain their bulk of 2 meter height and 100 kilogram weight.",Seed,Grass,Poison,2,100,,Overgrow,,Chlorophyll,,Normal,Grassland
004,,Charmander,Right from birth a flame burns at the end of their tail. They cannot survive if the flame were to go out. Smokers often keep them in the place of lighters.,Lizard,Fire,,0.6,8.5,,Blaze,,Solar Power,,,Mountains
005,,Charmeleon,"They flail with their tail to mow down foes, and then shred enemies with their sharp claws. Their powerful tail can hoise five adults (approximately 300 kilograms).",Flame,Fire,,1.1,19,,Blaze,,Solar Power,,,Mountains
006,,Charizard,"Capable of flying up to 1,400 meters in altitude, it flies about in search of strong opponents. It breathes intense flames that can melt any material, and it burns hotter if it has experienced harsh battles. Unless provoked, it will never torch a weaker foe.",Flame,Fire,Flying,1.7,90.5,,Blaze,,Solar Power,,Normal,Mountains
007,,Squirtle,"When it retracts its long neck into its shell, it squirts out water with vigorous force. It takes time for the shell to form and harden after hatching.",Tiny Turtle,Water,,0.5,9,,Torrent,,Rain Dish,,,Water's Edge
008,,Wartortle,Their profile is cute when they are fighting. They are highly popular as pets. Their fur-covered tail is a symbol of longevity.,Turtle,Water,,1,22.5,,Torrent,,Rain Dish,,,Water's Edge
009,,Blastoise,"A brutal Pokémon with pressurized water jets on its shell. They spray water like cannons, hard enough to pierce thick steel, and are very accurate, capable of striking cans from over 160 feet away. Their bulk makes quick movements impossible, but they have overwhelming power to compensate.",Shellfish,Water,,1.6,85.5,,Torrent,,Rain Dish,,Normal,Water's Edge
010,,Caterpie,"When they shed their green skin to grow, they wrap themselves in a silk and transform into a cocoon. Out of all the Pokémon discovered to date, they are the fastest to evolve. The Tiny Bird Pokémon Pidgey is their arch enemy. If Caterpie even sense the presence of Pidgey, they quickly burrow underground. Those too slow to hide fall prey to Pidgey. While a forest may appear peaceful, there are harsh rules that dictate the survival of the fittest.",Worm,Bug,,0.3,2.9,,Shield Dust,,Run Away,,,Forest
011,,Metapod,"Caterpie's evolution. While they are encased in a hard shell, the inside is tender, making them vulnerable to harsh attacks. Worse, being mid-metamorphosis, they are challenged to move quickly.",Cocoon,Bug,,0.7,9.9,,Shed Skin,,,,,Forest
012,,Butterfree,"A week to ten days after evolving, Metapod undergo another evolutionary step and metamorphose into Butterfree. Their wings are covered in water-repellent, powder-like scales that enable them to fly even on rainy days.",Butterfly,Bug,Flying,1.1,32,,Compound Eyes,,Tinted Lens,,Normal,Forest
013,,Weedle,"Common in not only forests but also grasslands. There is a small, sharp poison stinger of around 5 centimeters in length on the top of their head. When faced with a foe, they wiggle the stinger for intimidation. They favor food like Gingko leaves.",Hairy Bug,Bug,Poison,0.3,3.2,,Shield Dust,,Run Away,,,Forest
014,,Kakuna,"A temporary evolutionary form taken while readying the mature form. In their previous guise as Weedle, they are said to eat many leaves in preparation for assuming this pupal form. They are almost incapable of moving.",Cocoon,Bug,Poison,0.6,10,,Shed Skin,,,,,Forest
015,,Beedrill,"Kakuna's evolution. They may appear in swarms. They buzz around at dizzying speed and jab repeatedly with the venomous stinger on their tail. When they grow and learn Twineedle, they become almost untouchable.",Poison Bee,Bug,Poison,1,29.5,,Swarm,,Sniper,,Normal,Forest
016,,Pidgey,"They do not like to fight. If surrounded, they scatter sand to blind their foes and make their getaway. They hide among trees and tall grass when feeding on small bugs and the like. While they feast on Caterpie and Weedle, they oddly ignore Venonat.",Tiny Bird,Normal,Flying,0.3,1.8,,Keen Eye,Tangled Feet,Big Pecks,,,Forest
017,,Pidgeotto,Pidgey's evolution. They dive from an altitude of 800 meters to capture prey. The claws on their feet are powerfully developed. They have no trouble carrying an Exeggcute - their prey - weighing 25 kilograms to their nest 100 kilometers away.,Bird,Normal,Flying,1.1,30,,Keen Eye,Tangled Feet,Big Pecks,,,Forest
018,,Pidgeot,"It races through the skies at Mach-2 speed at 1,200 meters altitude. If they encounter a foe while on the ground, they spread their gorgeous wings widely for intimidation. Their search for food leads them to even the seas where they make easy prey of meaninglessly splashing Magikarp. It goes without saying that they are the evolution of Pidgeotto.",Bird,Normal,Flying,1.5,39.5,,Keen Eye,Tangled Feet,Big Pecks,,Normal,Forest
019,,Rattata,"Its incisors are long, sharp, and continue growing until its death. They gnaw on hard objects to keep the ever-growing fangs workably short. They feast on nuts like walnuts and acorns. They also like processed food like cheese and milk. With their strong capacity for survival, they can live in dirty places without concern. Recently, it has become a popular Pokémon.",Mouse,Normal,,0.3,3.5,,Run Away,Guts,Hustle,Kantonian,,Grassland
020,,Raticate,"Rattata's evolution. Their rear feet have three toes with small webs in between for swimming across rivers. In addition to nuts (naturally), they also feed on fish. Its disposition is far more violent than looks would suggest. Don't let your hand get too close to its face, as it could bite your hand clean off.",Mouse,Normal,,0.7,18.5,,Run Away,Guts,Hustle,Kantonian,,Grassland
021,,Spearow,"Compared with Pidgey, they are much more aggressive. They mainly search for prey among tall grass where they can be seen busily flitting about. While they have little power, they learn the rare Mirror Move.",Tiny Bird,Normal,Flying,0.3,2,,Keen Eye,,Sniper,,,Rough Terrain
022,,Fearow,Spearow's evolution. They can soar high all day long on their broad wings. Their powerful beaks let them swallow prey like a Rattata whole.,Beak,Normal,Flying,1.2,38,,Keen Eye,,Sniper,,,Rough Terrain
023,,Ekans,"They flick their tongue about to sense danger in their surroundings. This carnivore swallows all food whole with almost no chewing. They love the eggs of Pidgey and Spearow. Rattata are also preyed upon occassionally. If they swallow a Rattata, they can go without food again for a month. They grow by shedding repeatedly. In the winter, they hibernate in the warm soil of forests. In summer, they are also common sights in grasslands.",Snake,Poison,,2,6.9,,Intimidate,Shed Skin,Unnerve,,,Grassland
024,,Arbok,"Ekans' evolution. Consequently, this Pokémon is also a venomous serpent. The markings on their belly have the appearance of a frightening face, which is different depending on the specimen. Timid foes flee at the sight of such a ""face."" They are skilled at using Glare that induces paralysis in their foe. If you encounter an Arbok on a path, you should avert your gaze. They are mortal enemies of Raticate. The two Pokémon fight viciously like a Seviper and a Zangoose.",Cobra,Poison,,3.5,65,,Intimidate,Shed Skin,Unnerve,,,Grassland
025,,Pikachu,"They live in forests where they feed mainly on nuts. Forests in which nests of them live are dangerous, since the trees are so often struck by lightning. Its nature is to store up electricity in the small pouches on each side of their cheeks that are discharged when endangered. Smart and charming with an affectionate nature, they are the most popular Pokémon among researchers. Pikachu evolve into Raichu, but many trainers prevent evolution because they don't want their Pokémon to change appearance. Its scientific name is Mus pikalus.",Mouse,Electric,,0.4,6,,Static,,Lightning Rod,,Normal,Forest
026,,Raichu,"Their electric strikes can reach 100,000 volts. Unwittingly touching them can cause even foes several times its size to faint. This Pokémon can learn all Electric-type moves. There have been no reports of Raichu sightings in forests.",Mouse,Electric,,0.8,30,,Static,,Lightning Rod,Kantonian,,Forest
027,,Sandshrew,"They dig and live in burrows. When threatened, they curl up to protect themselves. Besides grasslands, they also apepar in mountainous environments.",Mouse,Ground,,0.6,12,,Sand Veil,,Sand Rush,Kantonian,,Rough Terrain
028,,Sandslash,Sandshrew's evolution. They scurry about quickly. They are adept at attacking using the pointed spines on their back and sharp claws.,Mouse,Ground,,1,29.5,,Sand Veil,,Sand Rush,Kantonian,,Rough Terrain
029,,Nidoran-F,"Although small, they have venomous needles with devastating power. The females have a smaller horn than the males. Their breeding period comes every year in spring. At the end of summer they lay two eggs that hatch in two weeks, one male and one female. Baby Nidoran are just 10 centimeters long.",Poison Pin,Poison,,0.4,7,,Poison Point,Rivalry,Hustle,,,Grassland
030,,Nidorina,"Being female, they are placid in nature. They emit ultrasonic cries that can allure enemies. While they are the evolved form of Nidoran♀, they lose the ability to lay eggs upon evolution.",Poison Pin,Poison,,0.8,20,,Poison Point,Rivalry,Hustle,,,Grassland
031,,Nidoqueen,"Nidoqueen's body is encased in extremely hard scales that stand up when agitated. It is adept at sending foes flying with harsh tackles. This Pokémon is at its strongest when it is defending its young. As they grow, they learn powerful moves like Mega Punch and Fire Blast.",Drill,Poison,Ground,1.3,60,,Poison Point,Rivalry,Sheer Force,,,Grassland
032,,Nidoran-M,"They flap their large ears like wings when straining to hear faraway sounds. They extend venomous needles when angered. In their breeding season, their horn glows in seven colors for wooing females. Apparently, the larger the horn, the more appealing to females.",Poison Pin,Poison,,0.5,9,,Poison Point,Rivalry,Hustle,,,Grassland
033,,Nidorino,"They are easily angered. They flail their well-developed horn to skewer even diamonds. While they are the evolved form of Nidoran♂, unlike Nidorina, they do not lose their breeding ability.",Poison Pin,Poison,,0.9,19.5,,Poison Point,Rivalry,Hustle,,,Grassland
034,,Nidoking,"Nidoking's tail packs enormously destructive power. With one swing, it can topple a metal tower. If it binds an enemy, it can snap the victim's spine easily. Be careful with the horn as it contains venom. They appear to shy away from fighting Nidoqueen.",Drill,Poison,Ground,1.4,62,,Poison Point,Rivalry,Sheer Force,,,Grassland
035,,Clefairy,"Its magical and cute appeal has many admirers, making it popular as pets. However, it is rare and found only in certain areas, most notably in the caves of Mt. Moon. Clefairy is best at moving the move Metronome which triggers a random move from many choices. Occasionally, they startle themselves by using a powerful move that doesn't suit their cute appearance. They are surprisingly well liked by not only people but even their fellow Pokémon.",Fairy,Fairy,,0.6,7.5,,Cute Charm,Magic Guard,Friend Guard,,,Mountains
036,,Clefable,Neither Clefairy nor Clefable like squabbling. Perhaps that explains why their hearing is so superbly developed. They can even discern the sound of a pin dropping 1 kilometer away. They immediately flee if they hear danger approaching.,Fairy,Fairy,,1.3,40,,Cute Charm,Magic Guard,Unaware,,Normal,Mountains
037,,Vulpix,"They have six gorgeous tails that increase in number as they grow. It is quite warm and cuddly. Inside Vulpix's body burns a flame that never goes out. During the daytime, when the temperatures rise, this Pokémon releases flames from its mouth to prevent its body from growing too hot.",Fox,Fire,,0.6,9.9,,Flash Fire,,Drought,Kantonian,,Grassland
038,,Ninetales,"They are clad in a golden fur and have long nine tails. They are a long-living Pokémon that are said to live for a thousand years. Extremely vindicitive, it is said to lay a 1,000-year long curse if its tail is pulled as a joke. According to an enduring legend, 9 noble saints were united and reincarnated as this Pokémon.",Fox,Fire,,1.1,19.9,,Flash Fire,,Drought,Kantonian,,Grassland
039,,Jigglypuff,"Looking into its cute, round eyes causes it to sing a relaxing melody, inducing its enemies to sleep. It never pauses to breathe when it sings, so if its opponent does not fall asleep, its life is endangered. Belying their adorable appearance, they can learn a diverse array of moves. If they become displeased, they inflate themselves like a balloon.",Balloon,Normal,Fairy,0.5,5.5,,Cute Charm,Competitive,Friend Guard,,,Grassland
040,,Wigglytuff,"Its fur is the ultimate in luxuriousness. Sleeping alongside a Wigglytuff is simply divine. If any dust gets in this Pokémon's eyes, it is quickly washed away thanks to a thin layer of tears. While they share many moves with Jigglypuff, they additionally learn Hyper Beam.",Balloon,Normal,Fairy,1,12,,Cute Charm,Competitive,Frisk,,,Grassland
041,,Zubat,"They live in murky caves on mountains and similar environments, because they live in perpetual darkness. Their eyes retrogressed and disappeared. They emit ultrasonic cries for flitting around in darkness. Apparently, it is very rare for them to fly outside their caves.",Bat,Poison,Flying,0.8,7.5,,Inner Focus,,Infiltrator,,,Cave
042,,Golbat,They bite with their sharp fangs and suck 300 milliliters in one chomp. Its own blood type changes to that of its victim. It is particularly active in the pitch black of night.,Bat,Poison,Flying,1.6,55,,Inner Focus,,Infiltrator,,,Cave
043,,Oddish,"Also known as Walkimendes. At night, they walk up to 300 meters on their two roots. Being plants, it was a mystery as to why they walked. It was finally determined by a recent study that it was for the survival of the species. They scatter their pollen as they walk.",Weed,Grass,Poison,0.5,5.4,,Chlorophyll,,Run Away,,,Grassland
044,,Gloom,"Their pistil emits a horrifically foul stench that makes foes faint up to 2 kilometers away. However, if this Pokémon is feeling calm and secure, it does not release its usual stinky aroma. The fluid that oozes from its mouth isn't drool. It is a nectar that is used to attract prey.",Weed,Grass,Poison,0.8,8.6,,Chlorophyll,,Stench,,,Grassland
045,,Vileplume,"From their world's-largest petals, they scatter wicked plumes of pollen that induce allergic reactions. Other Pokémon can't get near where Vileplume lives.",Flower,Grass,Poison,1.2,18.6,,Chlorophyll,,Effect Spore,,,Grassland
046,,Paras,"Growing from the bug's back are mushrooms called Tochukaso. The mushrooms grow in step with the Pokémon. They live under fallen trees in forests. When they grow to a certain size, they move to grasslands and marshes.",Mushroom,Bug,Grass,0.3,5.4,,Effect Spore,Dry Skin,Damp,,,Forest
047,,Parasect,"They scatter toxic spores from the mushroom's cap. In some parts of the world, the spores are apparently used as ingredients of herbal medicine. Being Paras' evolution, Parasect was included among the Pokémon of forests. However, they are almost impossible to find in forests.",Mushroom,Bug,Grass,1,29.5,,Effect Spore,Dry Skin,Damp,,,Forest
048,,Venonat,"Their eyes serve as radars that let them stay active in darkness. The eyes also emit beams of light. They have been confirmed to be a Bug type. Although they evolve into Venomoth, its pupal form remains a mystery.",Insect,Bug,Poison,1,30,,Compound Eyes,Tinted Lens,Run Away,,,Forest
049,,Venomoth,"The wings are covered in powdery, toxic scales. With every flap of their wings, they scatter the scales in clouds. They are said to live in Fuchsia City's Safari Zone. This is because they are difficult to find elsewhere due to their small population. Their pupal stage is shrouded in mystery.",Poison Moth,Bug,Poison,1.5,12.5,,Shield Dust,Tinted Lens,Wonder Skin,,,Forest
050,,Diglett,"They burrow through the ground close to the surface. They leave ridged trails of soil in their wake that betray their location. They may appear in the trail of an Onix, probably seeking its leftovers.",Mole,Ground,,0.2,0.8,,Sand Veil,Arena Trap,Sand Force,Kantonian,,Cave
051,,Dugtrio,"They burrow underground to hide themselves, and then strike the unsuspecting target from a different spot. Some researchers categorize Dugtrio, Dodrio, Exeggcute, and Exeggutor as one genre.",Mole,Ground,,0.7,33.3,,Sand Veil,Arena Trap,Sand Force,Kantonian,,Cave
052,,Meowth,"Being nocturnal, they sleep through the day. At night, they prowl their territory with eyes aglow. They are a happily beneficial Pokémon that can earn their trainer pocket change using their Pay Day move.",Scratch Cat,Normal,,0.4,4.2,,Pickup,Technician,Unnerve,Kantonian,,Urban
053,,Persian,"Fickle and ferocious. Beware if they raise their tail straight. It's a sure sign they are preparing to leap and bite. Due to their gorgeous coat, many women keep them as trophy pets. Wild Persian, however, are known to be truly vicious.",Classy Cat,Normal,,1,32,,Limber,Technician,Unnerve,Kantonian,,Urban
054,,Psyduck,"They are always suffering from a headache. If their headache intensifies, they start using mysterious powers. It doesn't recall that it used them after the fact, though. Some people believe that its vacant and unaware appearance is simply a ruse.",Duck,Water,,0.8,19.6,,Damp,Cloud Nine,Swift Swim,,,Water's Edge
055,,Golduck,"Its body is composed of water, and it is an expert swimmer. It can often be spotted gliding gracefully through the water. Unlike Psyduck, it is capable of learning the move ""Hyper Beam.""",Duck,Water,,1.7,76.6,,Damp,Cloud Nine,Swift Swim,,,Water's Edge
056,,Mankey,"Light on their feet and extremely volatile. They can fly into a rage and rampage uncontrollably. While they are usually in good spirits, their disposition can change instantly at the slightest provocation. Some researchers point to a calcium deficiency.",Pig Monkey,Fighting,,0.5,28,,Vital Spirit,Anger Point,Defiant,,,Mountains
057,,Primeape,"When Primeape becomes furious, its blood circulation is boosted. In turn, its muscles are made even stronger. However, it also becomes much less intelligent at the same time. They will give chase and will not stop however far one runs. It's all over if you lock eyes with one. ",Pig Monkey,Fighting,,1,32,,Vital Spirit,Anger Point,Defiant,,,Mountains
058,,Growlithe,"Friendly toward people with a loyal nature. Faced with an enemy, they bark and bite to drive their foe away. Cinnabar Island is famous as a home to many Fire-type Pokémon, and its unique ecosphere is thought to have strongly influenced its native Pokémon, with Growlithe being no exception. Growlithe's evolution is dependent on a stone.",Puppy,Fire,,0.7,19,,Intimidate,Flash Fire,Justified,Kantonian,,Grassland
059,,Arcanine,"There's so many old tales about them that they're called legendary Pokémon, but there are way more of them around than you'd expect. Sanctified paper cuts imprinted with an Arcanine illustration are considered beneficial for keeping evil at bay. Said to be capable of running over 6,200 miles in 24 hours. ",Legendary,Fire,,1.9,155,,Intimidate,Flash Fire,Justified,Kantonian,,Grassland
060,,Poliwag,The slick black skin is thin and damp. A portion of their internal organs can be seen as a spiral. They can be categorized as relatives of tadpoles.,Tadpole,Water,,0.6,12.4,,Water Absorb,Damp,Swift Swim,,,Water's Edge
061,,Poliwhirl,"Poliwag's evolution. While tadpoles grow into frogs, Poliwag remained in tadpole form and grew muscular to end up as Poliwhirl. While their legs are well developed for life on land, they appear to prefer life in water.",Tadpole,Water,,1,20,,Water Absorb,Damp,Swift Swim,,,Water's Edge
062,,Poliwrath,"Its highly developed, brawny muscles never grow fatigued. It is so tirelessly strong, that it can swim back and forth across the ocean in multiple styles like the crawl and the butterfly without effort. Even pro athletes are no match for their speed. However, it appears their muscles were developed specifically for swimming as they are not fast at running. While they are Poliwhirl's evolution, they remain in tadpole form, unlike Politoed.",Tadpole,Water,Fighting,1.3,54,,Water Absorb,Damp,Swift Swim,,,Water's Edge
063,,Abra,"They sleep for 16 hours a day. However, even asleep they use a variety of extrasensory powers. They are rarely encountered due to their small population. Moreover, they will teleport instantly if threatened. As a result, they often escape before they could be captured in a rare encounter. They evolve into Kadabra.",Psi,Psychic,,0.9,19.5,,Synchronize,Inner Focus,Magic Guard,,,Urban
064,,Kadabra,"""As a psychic boy awoke one morning, he found himself transformed in his bed into a Kadabra."" The crowning of the Kadabra-themed short story ""The Transformation"" as the 2nd Pokémon Literary Award winner is still fresh in our memory. If Pikachu is the Pokémon idol, Kadabra can be considered a favorite among those in the know.",Psi,Psychic,,1.3,56.5,,Synchronize,Inner Focus,Magic Guard,,,Urban
065,,Alakazam,"Disdainful of physical attacks, they adeptly wield extrasensory powers to defeat their foes. While they are Kadabra's evolution, no one had been able to prove it conclusively until Pokémon trading became legalized. In battle, Alakazam remains expressionless throughout.",Psi,Psychic,,1.5,48,,Synchronize,Inner Focus,Magic Guard,,Normal,Urban
066,,Machop,"Being entirely musclebound, they have the power to throw a hundred adult people despite their small, childlike stature.",Superpower,Fighting,,0.8,19.5,,Guts,No Guard,Steadfast,,,Mountains
067,,Machoke,"Machop's evolution. Their powerful body never tires. Diligent and hardworking, they help people with work such as transporting heavy cargo.",Superpower,Fighting,,1.5,70.5,,Guts,No Guard,Steadfast,,,Mountains
068,,Machamp,"Its four ruggedly developed arms have the potential to launch a flurry of 1,000 punches in just two seconds. Its fighting spirit flares up when it faces a tough opponent.",Superpower,Fighting,,1.6,130,,Guts,No Guard,Steadfast,,Normal,Mountains
069,,Bellsprout,"Their bud has the appearance of a face. Because of it, they are said to be a type of the legendary mandrake root. They feed mainly on small insects.",Flower,Grass,Poison,0.7,4,,Chlorophyll,,Gluttony,,,Forest
070,,Weepinbell,It lives by absorbing nutrients in the ground through its root-like feet. The leaves are cutters for shredding foes. They spit a liquid that dissolves anything.,Flycatcher,Grass,Poison,1,6.4,,Chlorophyll,,Gluttony,,,Forest
071,,Victreebel,Prey are drawn with a honey-like aroma into Victreebel's mouth where they are melted by a dissolving fluid. This Pokémon is omnivorous and will eat anything that fits in their mouth.,Flycatcher,Grass,Poison,1.7,15.5,,Chlorophyll,,Gluttony,,Normal,Forest
072,,Tentacool,"From their crystal-clear eyes, they emit mysterious rays of light. They feed on plankton. 99% of their body is composed of water.",Jellyfish,Water,Poison,0.9,45.5,,Clear Body,Liquid Ooze,Rain Dish,,,Sea
073,,Tentacruel,"The eighty tentacles move about freely to ensnare prey like small fish. The tentacles also have venomous needles that induce poisoning and full-body paralysis. The large red orbs on its head glow before lashing the vicinity with a harsh ultrasonic blast. This Pokémon's outburst creates rough waves around it, making all fish Pokémon disappear from the surrounding sea. For those qualities, they are called ""gangsters of the sea."" The longer one has been alive, the fewer tentacles it will have.",Jellyfish,Water,Poison,1.6,55,,Clear Body,Liquid Ooze,Rain Dish,,,Sea
074,,Geodude,"A docile Pokémon that does not harm people. That said, they can lose their temper if they are accidentally stepped on in caves, for example. They can be found while hiking on mountains. Being round and easy to hold, people toss them back and forth in Geodude fights.",Rock,Rock,Ground,0.4,20,,Rock Head,Sturdy,Sand Veil,Kantonian,,Mountains
075,,Graveler,"When walking on sloped mountain trails, Graveler may come tumbling along. While their face wears a smile, their eyes never smile. It is very creepy to see them come rolling with that expression.",Rock,Rock,Ground,1,105,,Rock Head,Sturdy,Sand Veil,Kantonian,,Mountains
076,,Golem,"They tumble on sloped trails at twice the speed of a Graveler. They are encased in a hard shell composed of sheet rock-like slabs. They grow larger by shedding their shell once a year. With luck, people may find a Golem's discarded shell on a mountain in summer.",Megaton,Rock,Ground,1.4,300,,Rock Head,Sturdy,Sand Veil,Kantonian,,Mountains
077,,Ponyta,"Their light body is supported by incredibly strong legs. They can clear a tower in one jump. While this herbivore is peaceful, care must be taken when shoeing them - they can kick.",Fire Horse,Fire,,1,30,,Run Away,Flash Fire,Flame Body,Kantonian,,Grassland
078,,Rapidash,Ponyta's evolution. They can run up to 240 KMH. They can keep pace with a bullet train while enveloping themselves in flames. They obey people dutifully.,Fire Horse,Fire,,1.7,95,,Run Away,Flash Fire,Flame Body,Kantonian,,
079,,Slowpoke,"Always vacant and ""out to lunch,"" it is impossible to determine what they are thinking. They live by the water's edge where they deftly catch prey with their tail. Although they have enough smarts to fish that way, they exhibit no other behavior that would indicate any greater intelligence. They frequently swim undersea in search of prey, but are often mistakenly caught themselves.",Dopey,Water,Psychic,1.2,36,,Oblivious,Own Tempo,Regenerator,Kantonian,,Water's Edge
080,,Slowbro,"When Slowpoke went foraging in the sea, they were bitten on their tail by Shellder. This resulted in their evolution into Slowbro. It is unknown as to why they did not try to remove the Shellder. It is suspected that doing so would have required too much effort. They are naturally averse to fighting, and like Slowpoke, appear to prefer zoning out.",Hermit Crab,Water,Psychic,1.6,78.5,,Oblivious,Own Tempo,Regenerator,Kantonian,Normal,Water's Edge
081,,Magnemite,"They move around while levitating. The units on their sides radiate energy like electromagnetic waves. Although they are fundamentally different from the other Pokémon of the skies, they used to be classified as such because there was no other grouping for them.",Magnet,Electric,Steel,0.3,6,,Magnet Pull,Sturdy,Analytic,,,Rough Terrain
082,,Magneton,"Magnemite's evolution. What keeps this Pokémon levitating was unknown until recently, when Bill Sonezaki discovered that its due to magnetic fields. Formed by multiple Magnemite linked together, they discharge intense magnetic rays and high-voltage power.",Magnet,Electric,Steel,1,60,,Magnet Pull,Sturdy,Analytic,,,Rough Terrain
083,,Farfetchd,"They always carry a plant stalk for crafting their nest when walking. A recent study also revealed the stalk to be food for emergencies. Several years ago, the mass media reported on the deliciousness of cooking Farfetch'd with their stalk. This news spread worldwide, resulting in a massive decline in their population. In order to prevent their extinction, more people have made an effort to breed these Pokémon.",Wild Duck,Normal,Flying,0.8,15,,Keen Eye,Inner Focus,Defiant,Kantonian,,Grassland
084,,Doduo,"A two-headed Pokémon discovered thirty years ago. They are probably a mutation. They appear to dislike flying. They seem to be much better at running based on their 100 km/h speed. In the near future, it is feared their wings will devolve and rob them of their ability to fly.",Twin Bird,Normal,Flying,1.4,39.2,,Run Away,Early Bird,Tangled Feet,,,Grassland
085,,Dodrio,"Dodrio's evolution. A rare species that is hardly ever found in the wild. Their three heads express the emotions joy, sadness, and anger. Uses its three brains to execute complex plans. It also has three sets of hearts and lungs as well, so it is capable of running long distances without rest. Some historians have sworn that in ancient times there was a religion that thrived deep in the southern reaches of the globe which revered Dodrio as their symbol.",Triple Bird,Normal,Flying,1.8,85.2,,Run Away,Early Bird,Tangled Feet,,,Grassland
086,,Seel,"The light blue-haired hide is thick and tough. They remain active even in intense cold of -40° C. They live in sea caves and the like. During the day, they often drift in the sea, probably searching for food.",Sea Lion,Water,,1.1,90,,Thick Fat,Hydration,Ice Body,,,Sea
087,,Dewgong,"Seel's evolution. They are cloaked entirely in pure-white hair. Their blubber reaches an incredible thickness of 30 centimeters. Stores thermal energy in its body, making them highly resistant to cold. Swims at a steady 8 knots even in intensely cold waters, searching for Pokémon that will become its prey.",Sea Lion,Water,Ice,1.7,120,,Thick Fat,Hydration,Ice Body,,,Sea
088,,Grimer,"X-rays from the moon transformed toxic sludge into Grimer. They love to eat filthy things. When first discovered, their appearances were limited to empty lots behind factories and so on. However, they have become progressively bolder in the places they appear. Its scientific name is Toxodictyostelium putridum.",Sludge,Poison,,0.9,30,,Stench,Sticky Hold,Poison Touch,Kantonian,,Urban
089,,Muk,They usually keep themselves hidden by mingling with soil. Contact results in a severe poisoning. Analysis of their cells revealed the presence of substances that are inconceivable in living things. It should be no surprise that they are Grimer's evolution.,Sludge,Poison,,1.2,30,,Stench,Sticky Hold,Poison Touch,Kantonian,,Urban
090,,Shellder,"Encased within a shell that is harder than diamond. The body inside, however, is surprisngly tender. They are good with the move Clamp which squeezes the victim between the shell halves.",Bivalve,Water,,0.3,4,,Shell Armor,Skill Link,Overcoat,,,Sea
091,,Cloyster,Said to be Shellder' only evolution. The shell is extremely durable. Even a direct hit from a napalm bomb can't destroy it. The shell opens only when attacking. Their Spike Cannon - which repeatedly stabs the foe with spikes - is devastating.,Bivalve,Water,Ice,1.5,132.5,,Shell Armor,Skill Link,Overcoat,,,Sea
092,,Gastly,"A life form composed of a diffuse, gaseous matter. Even a much larger foe would fall in two seconds if enveloped in their gas. Many mysteries surround this Pokémon. Some theories claim they are photochemical smog come to life while others claim they are extra-dimensional beings. The answer remains unknown.",Gas,Ghost,Poison,1.3,0.1,,Levitate,,,,,Cave
093,,Haunter,"Gastly's evolution. They learn moves like Dream Eater and Psychic. It is said that if you feel as though you are being watched in a dark place with no one else around, there is a Haunter lurking. There is a Kantonian folktale that an ancient giant Haunter terrorized people and killed many by eating their souls. ",Gas,Ghost,Poison,1.6,0.1,,Levitate,,,,,Cave
094,,Gengar,"Always thought (and confirmed 30 years ago) to be Haunter's evolution. Many Gengar are playful and are often the culprits behind shadows that laugh in the moonlight. Yet old folk stories say that it emerges from darkness to steal the lives of those who become lost in mountains. Coincidentally, mountain shrines honoring Gengar exist.",Shadow,Ghost,Poison,1.5,40.5,,Cursed Body,,,,Normal,Cave
095,,Onix,"They usually live submerged in soil. They burrow at 80 KMH in search of prey. Like other Ground-type Pokémon, Onix is strong against Poison-type attacks. Conversely, they are vulnerable to Water-type attacks.",Rock Snake,Rock,Ground,8.8,210,,Rock Head,Sturdy,Weak Armor,,,Cave
096,,Drowzee,"Rumored to be the descendant of the legendary creature, Baku, which is said to have eaten dreams. Some even suggest that the myth of Baku actually referred to a Drowzee. It is famous as the first Pokémon to use a move combo - Hypnosis followed by Dream Eater. They are gluttonous herbivores. From their four stomachs, they repeatedly bring up eaten food and rechew it to feed. They are not popular among women due to their appearance. They also have a habit of muttering under their breath to themselves.",Hypnosis,Psychic,,1,32.4,,Insomnia,Forewarn,Inner Focus,,,Grassland
097,,Hypno,"Drowzee's evolution. They carry around a pendulum-like object. They are skilled at using Psychic. There once was an incident in which it took away a child it hypnotized. On the other hand, there are some Hypno that assist doctors with patients who can't sleep at night in hospitals.",Hypnosis,Psychic,,1.6,75.6,,Insomnia,Forewarn,Inner Focus,,,Grassland
098,,Krabby,"Found near the sea. When they fight, they raise their pincers to intimidate their foe. However, they usually prefer to avoid fighting. If a pincer is torn off, it grows back.",River Crab,Water,,0.4,6.5,,Hyper Cutter,Shell Armor,Sheer Force,,,Water's Edge
099,,Kingler,"The hard pincers have 10,000-horsepower strength. However, they are also too large, making this Pokémon ponderous in motion. They may also be seen deep inside caves.",Pincer,Water,,1.3,60,,Hyper Cutter,Shell Armor,Sheer Force,,Normal,Water's Edge
100,,Voltorb,"A completely enigmatic creature. They generate an unpleasant buzzing noise. While many live in power plants, etc., they appear to have spread in towns in recent years by traveling on power lines. They possess Electric-type moves. They are reckless and prone to exploding without warning, making it difficult for researchers to study their relation to modern Poké Balls.",Ball,Electric,,0.5,10.4,,Soundproof,Static,Aftermath,Kantonian,,Urban
101,,Electrode,"Voltorb's evolution. Because they explode at the slightest provocation, they are feared with the nickname ""Bomb Ball"".",Ball,Electric,,1.2,66.6,,Soundproof,Static,Aftermath,Kantonian,,Urban
102,,Exeggcute,"While they appear to be eggs of some sort, recent studies identified them to be creatures similar to plant seeds. While some researchers claim that they are the same as the plant growing out of Bulbasaur's back, that theory is yet to be proven. Its scientific name is Cocos ovula.",Egg,Grass,Psychic,0.4,2.5,,Chlorophyll,,Harvest,,,Forest
103,,Exeggutor,"Also known as the walking tropical rainforest. Each of their fruits has a face with its own unique will. However, they are friendly and never appear to squabble. Legend has it that on rare occasions, one of its heads will drop off and continue on as an Exeggcute.",Coconut,Grass,Psychic,2,120,,Chlorophyll,,Harvest,Kantonian,,Forest
104,,Cubone,"According to folklore, the life of a Cubone is a life of tragedy. The headpiece it wears is the skull of its dead mother and the only memento it has left of her. It pines for the mother it will never see again. The stains on the skull it wears are made by the tears it loudly sheds when they feel lonely. It never removes its skull helmet, so no one has ever seen this Pokémon's real face.",Lonely,Ground,,0.4,6.5,,Rock Head,Lightning Rod,Battle Armor,,,Mountains
105,,Marowak,"The evolved form of a Cubone that has grown tough by overcoming the grief of losing its mother. Originally small and very weak, it turned ferocious and deadly when it began using bones.",Bone Keeper,Ground,,1,45,,Rock Head,Lightning Rod,Battle Armor,Kantonian,,Mountains
106,,Hitmonlee,Their legs can be freely extended and contracted. Kicks can be delivered to even faraway foes. They are surpsingly docile when they are not fighting. Also known as 'The Demon Of Kickboxing.',Kicking,Fighting,,1.5,49.8,,Limber,Reckless,Unburden,,,Urban
107,,Hitmonchan,"A Pokémon supposedly inhabited by the spirit of a pro boxer. They throw punches faster than a bullet train. Although their habitat is unknown, based on their behavior, they have been categorized as a grassland Pokémon, the same as Hitmonlee.",Punching,Fighting,,1.4,50.2,,Keen Eye,Iron Fist,Inner Focus,,,Urban
108,,Lickitung,"At 2.5 meters, their tongue is twice as long as their height. The tongue is usually stowed and curled up in their mouth. When hunting or attacking, they can move their tongue as if it were an arm. A ravenous appetite and a lazy nature must have shaped this Pokémon's evolution.",Licking,Normal,,1.2,65.5,,Own Tempo,Oblivious,Cloud Nine,,,Grassland
109,,Koffing,"The thin-skinned, balloon-like body is filled with a powerfully toxic gas. Getting too close to this foul-smelling Pokémon makes eyes flood with tears. First discovered in a munitions factory, their habitat has been growing in recent years.",Poison Gas,Poison,,0.6,1,,Levitate,Neutralizing Gas,Stench,,,Urban
110,,Weezing,"While very rare, mutations can result in Koffing twins that are joined together. There is a lab developing a medicine for bleaching the toxicity out of Weezing.",Poison Gas,Poison,,1.2,9.5,,Levitate,Neutralizing Gas,Stench,Kantonian,,Urban
111,,Rhyhorn,"While they lack intelligence, they have plenty of power. Their ramming can shatter even building towers. Though they were thought to not be suited as house pets, they have been tamed to be surprisingly docile in the Kalos region, where Rhyhorn racing is a popular sport.",Spikes,Ground,Rock,1,115,,Lightning Rod,Rock Head,Reckless,,,Rough Terrain
112,,Rhydon,"Revered since ancient times as a mighty warrior and quite possibly the first Pokémon ever tamed. Protected by an armor-like hide, it can survive in lava over 3,600 degrees. Evolving from Rhyhorn made this Pokémon stand on their hind legs. This process prompts development of their brain and intelligence. Its horn can bore holes through boulders and even uncut diamonds.",Drill,Ground,Rock,1.9,120,,Lightning Rod,Rock Head,Reckless,,,Rough Terrain
113,,Chansey,"They lay several eggs a day. The eggs are nutritionally rich and fantastically delicious. They are peaceful and do not like to fight much, so they are often seen assisting nurses at Pokémon Centers. A wild Chansey is rare and elusive, so anyone who finds one must be lucky indeed.",Egg,Normal,,1.1,34.6,,Natural Cure,Serene Grace,Healer,,,Urban
114,,Tangela,"A plant-type Pokémon covered in blue plant vines that hide their actual form. They try to entangle anyone approaching too closely. Many researchers have attempted to cut away all the vines in hopes of seeing what they hide, but all attempts ended in failure due to Tangela's furious resistance. Its scientific name is Pseudohedera vita.",Vine,Grass,,1,35,,Chlorophyll,Leaf Guard,Regenerator,,,Grassland
115,,Kangaskhan,The females place and raise their young in belly pouches for around three years. Kangaskhan's maternal love is so deep that it will brave death to protect its offspring. They are skilled at pummeling with Comet Punch.,Parent,Normal,,2.2,80,,Early Bird,Scrappy,Inner Focus,,Normal,Grassland
116,,Horsea,"They keep balance using their spirally coiled tail. When they sense danger, they may spit black ink. Every spring, the females each lay several thousand eggs on seaweed, but most end up as Goldeen bait. Rare among Pokémon, the males raise its young.",Dragon,Water,,0.4,8,,Swift Swim,Sniper,Damp,,,Sea
117,,Seadra,Horsea's evolution. Their nature turns vicious from evolving. Carelessly trying to touch them can result in punctures from the spikes growing all over their body. The intense pain can cause fainting.,Dragon,Water,,1.2,25,,Poison Point,Sniper,Damp,,,Sea
118,,Goldeen,"The dorsal and ventral fins are built up like muscles. They help propel this Pokémon through water at a speed of 5 knots. Having little intelligence, they are known to unwittingly swim into a Gyarados' mouth where they become an easy meal.",Goldfish,Water,,0.6,15,,Swift Swim,Water Veil,Lightning Rod,,,Water's Edge
119,,Seaking,"Goldeen's evolution. Using their drill-like horn, they hollow out boulders to make their nest. They swim up rivers to spawn every year.",Goldfish,Water,,1.3,39,,Swift Swim,Water Veil,Lightning Rod,,,Water's Edge
120,,Staryu,"They are commonly found on beaches. At night, their central core flashes brightly. They are gynandrous; they possess both male and female reproductive organs. If a part of their body is cut off, they regenerate the missing body parts.",Star Shape,Water,,0.8,34.5,,Illuminate,Natural Cure,Analytic,,,Sea
121,,Starmie,,Mysterious,Water,Psychic,1.1,80,,Illuminate,Natural Cure,Analytic,,Normal,Sea
122,,Mr-Mime,"They use advanced moves like Confusion, Light Screen, Meditate, and Substitute. Being skilled mimes, they are masters at convincingly tricking people. It is said the walls they mine turn real. Their fingertips end in suction pads with which they apparently climb the walls they create. Little headway has been made in their study owing to the scarcity of specimens.",Barrier,Psychic,Fairy,1.3,54.5,,Soundproof,Filter,Technician,Kantonian,,Urban
123,,Scyther,"Scyther is blindingly fast. Its blazing speed enhances the lethality of the twin scythes on its forearms. They are relatively rare with few sightings in the wild, possibly due to its speed.",Mantis,Bug,Flying,1.5,56,,Swarm,Technician,Steadfast,,,Grassland
124,,Jynx,"An extremely rare Pokémon. They become volcanically enraged if any attempt is made to remove the clothlike shroud around their waist. That reaction informs us they have a sense of shame. While they speak in a humanlike manner, their language is indecipherable. Linguistic research is ongoing.",Human Shape,Ice,Psychic,1.4,40.6,,Oblivious,Forewarn,Dry Skin,,,Urban
125,,Electabuzz,"They love to feast on powerful electricity. They appear somewhat frequently at major power plants. Like Scyther, they are captured relatively rarely. Both Scyther and Electabuzz can distinguish colors. They have a natural affinity for the color red in particular. ",Electric,Electric,,1.1,30,,Static,,Vital Spirit,,,Grassland
126,,Magmar,"A species found near a volcano's crater. They breathe fire. Their body temperature can get extremely high, a few specimens even being recorded at 1,200 degrees Celsius. This Pokémon is very hard to spot in the wild with only a few captured.",Spitfire,Fire,,1.3,44.5,,Flame Body,,Vital Spirit,,,Mountains
127,,Pinsir,"The two long horns are powerful. Once they clamp tight on their prey, they won't loosen until the victim is torn apart. They are extremely rare Pokémon with very few reported wild sightings. They appear to prefer the color green.",Stag Beetle,Bug,,1.5,55,,Hyper Cutter,Mold Breaker,Moxie,,Normal,Forest
128,,Tauros,"When ramming, they whip their body harshly with their three tails. They will not attack unless they are attacked first. They can be found in places like the Fuschia City Safari Zone.",Wild Bull,Normal,,1.4,88.4,,Intimidate,Anger Point,Sheer Force,Kantonian,,Grassland
129,,Magikarp,"It is virtually worthless in terms of both power and speed. If anything were to happen, they immediately use Splash and flop about. It is the most weak and pathetic Pokémon in the world… Or is it? Records exist of Magikarp jumping incredible distances, and some recent studies made an incredible discovery - dragon cells were found in Magikarp's body. Anticipation runs high for deeper studies, with some theorizing that research may provide answers for Gyarados' Mega Evolution.",Fish,Water,,0.9,10,,Swift Swim,,Rattled,,,Water's Edge
130,,Gyarados,Extremely vicious and brutal. They completely incinerate all matter with Hyper Beam fired from their mouth. Apparently it can live as deep as the seafloor or as high as above the surface. The first recorded specimen in modern times was a corpse that washed up on shore 35 years ago. They are omnivorous with fangs capable of crushing boulders. Their steel-hard scales can be fashioned into jewelry like rings. Such accessories command astonishing prices.,Atrocious,Water,Flying,6.5,235,,Intimidate,,Moxie,,Normal,Water's Edge
131,,Lapras,"Being placid in nature, they prefer to ferry people across water on their back rather than fight. Needless to say, they are skilled at using the move Surf. They can also learn a diverse mix of moves like Mist, Confuse Ray, and Hydro Pump. Once driven almost to the point of extinction, it would sing plaintively as it sought what few others of its kind still remain. Following protective regulations, though, there is now an overabundance of them.",Transport,Water,Ice,2.5,220,,Water Absorb,Shell Armor,Hydration,,Normal,Sea
132,,Ditto,"Its scientific name is Amorphozodium amorphum. It can freely recombine its own cellular structure to transform into other life-forms, though if it relies on its memory, it tends to fail. They learn almost no moves of their own. Ditto can be considered one of the most enigmatic Pokémon ever, some even going so far as to say that it possibly has a connection to Mew.",Transform,Normal,,0.3,4,,Limber,,Imposter,,,Urban
133,,Eevee,Eevee has an unstable genetic makeup that suddenly mutates due to the environment in which it lives. The question of why only Eevee has such unstable genes has still not been solved.,Evolution,Normal,,0.3,6.5,,Run Away,Adaptability,Anticipation,,,Urban
134,,Vaporeon,"Their body's cellular structure is close to that of water molecules. As a result, they can melt away invisibly in water.",Bubble Jet,Water,,1,29,,Water Absorb,,Hydration,,,Urban
135,,Jolteon,A sensitive Pokémon that easily becomes sad or angry. It accumulates negative ions in the atmosphere to blast out lightning bolts sometimes reaching 10000-volts.,Lightning,Electric,,0.8,24.5,,Volt Absorb,,Quick Feet,,,Urban
136,,Flareon,"They have a flame sac inside their body. They inhale deeply, and then blow flames, sometimes of 1,700 degrees Celsius.",Flame,Fire,,0.9,25,,Flash Fire,,Guts,,,Urban
137,,Porygon,"Roughly 20 years ago, Silph Co., which undertakes R&D into Pokémon and related products, successfully applied state-of-the-art technology to create this manmade Pokémon - the world's first. While they are exceedingly rare, they somehow came to be offered as prizes by the Game Corner in Celadon City. Investigations by the authorities on the matter, assisted by a former Indigo League Champion, found that Team Rocket had a hand in this.",Virtual,Normal,,0.8,36.5,,Trace,Download,Analytic,,,Urban
138,,Omanyte,A creature somewhere between sea snails and squids that lived in ancient seas. They swam by waving their ten feet. They fed on plankton and small fish.,Spiral,Rock,Water,0.4,7.5,,Swift Swim,Shell Armor,Weak Armor,,,Sea
139,,Omastar,Thought to be Omanyte's evolution. They grew to around 1 meter height. They preyed on fish up to around 50 centimeters. They hunted by grabbing and clinging to prey with their dexterously developed tentalces and biting at the same time.,Spiral,Rock,Water,1,35,,Swift Swim,Shell Armor,Weak Armor,,,Sea
140,,Kabuto,"Said to be the ancestor of both hermit crabs and of turtles. They kept themselves sheltered in their tough shell. They appear to have disliked fighting. They are thought to have been good swimmers, although not especially fast. Recently, a Kabuto fossil was found in a mountain cave 1,000 meters above sea level. Its discovery revealed that the area had once been submerged under the sea.",Shellfish,Rock,Water,0.5,11.5,,Swift Swim,Battle Armor,Weak Armor,,,Sea
141,,Kabutops,"Kabuto's evolution. It swims expertly underwater where they hunted. They captured prey with their sharp scythe arms, tearing at foes with sickle-like forelegs and draining the them of their body fluids entirely. Evolution apparently flipped their nature from timid to aggressive. The relationship of Kabuto and Kabutops can be likened to that of Mogwai and Gremlins. Its scientific name is Kabutops maximus.",Shellfish,Rock,Water,1.3,40.5,,Swift Swim,Battle Armor,Weak Armor,,,Sea
142,,Aerodactyl,"One of the contenders for the progenitor of birds. They flew on broad wings while emitting high-pitched cries. From the skull's structure, it is evident their brain was relatively large. Some biologists claim they communicated by crying. They must have caught small creatures with their large claws and preyed on them, using their stiff, sawlike fangs to shred victims into pieces. A very recent discovery of their fossilized droppings attest to this theory.",Fossil,Rock,Flying,1.8,59,,Rock Head,Pressure,Unnerve,,Normal,Mountains
143,,Snorlax,"Among the heaviest of all Pokémon, they are unsatisfied unless they eat 400 kilograms of food a day. As soon as they finish eating, they fall asleep. While they usually live in mountains, they occassionally descend and appear in towns. They are gluttonous and will consume even moldy food without ever getting sick.",Sleeping,Normal,,2.1,460,,Immunity,Thick Fat,Gluttony,,Normal,Mountains
144,,Articuno,"They fly among wintry mountains with their long, flowing tails streaming in their wake. Folklore has it that those seeing in Articuno in flight become so enraptured by its beauty that they die rooted to the spot. The magnificent, seemingly translucent wings of this legendary bird Pokémon are said to be made of ice. It chills moisture in the atmosphere to create snow while flying.",Freeze,Ice,Flying,1.7,55.4,,Pressure,,Snow Cloak,Kantonian,,Rare
145,,Zapdos,"A legendary bird Pokémon that appears with a gigantic thunder storm. It flies with the buzz and crack of sparking electricity. It gains power if it is stricken by lightning bolts. Known in legend as the divine bird presiding over the heavens, it's said that Zapdos spend thousands of years above the clouds. Perhaps lightning is their way of showing anger.",Electric,Electric,Flying,1.6,52.6,,Pressure,,Static,Kantonian,,Rare
146,,Moltres,"Known as the legendary bird of fire. ""The Phoenix"" - the famous legend of a bird whose fresh blood confers immortality when drunk - is said to be modeled after Moltres, though others believe that it refers to Ho-Oh. Those who see it are overwhelmed by its flaming orange wings. If injured, it dips its body in the molten magma of a volcano to burn and heal itself.",Flame,Fire,Flying,2,60,,Pressure,,Flame Body,Kantonian,,Rare
147,,Dratini,"Even when young, Dratini reach a length of nearly 2 meters. They grow by repeatedly shedding. Originally thought to be a mythical creature, it was first discovered when a Safari Zone visitor caught one in the park's pond. The lucky angler became an overnight sensation with news of the discovery exploding, sporting headlines like ""Legendary Pokémon Live!"" This fortuitous accident convinced many that all legendary Pokémon exist without any doubt, igniting a massive wave of Pokémon expeditions.",Dragon,Dragon,,1.8,3.3,,Shed Skin,,Marvel Scale,,,Water's Edge
148,,Dragonair,"A mystical Pokémon that exudes a gentle aura. Has the ability to change climate conditions by discharging energy from the crystals on its neck and tail. They live in the seas and lakes. They can freely summon rain and snow. Though they have no wings, they are said to fly high in the sky.",Dragon,Dragon,,4,16.5,,Shed Skin,,Marvel Scale,,,Water's Edge
149,,Dragonite,"In spite of their bulky appearance, it is said to be capable of flying around the globe in about 16 hours. Incur the wrath of this normally kind Pokémon, and it will smash everything to smithereens before it's satisfied. Due to this, many legends paint Dragonite as The God of Destruction.",Dragon,Dragon,Flying,2.2,210,,Inner Focus,,Multiscale,,Normal,Water's Edge
150,,Mewtwo,There is an urban legend of a mad scientist who conducted horrific gene splicing and DNA engineering experiments to create a terrifyingly brutal creature. Could such a frightening Pokémon really exist?,Genetic,Psychic,,2,122,,Pressure,,Unnerve,,Normal,Rare
151,,Mew,"Able to transform into any Pokémon and use an incredible variety of moves, Mew is said to possess the genetic composition of all Pokémon. For that reason, it is sometimes referred to as the ""Ancestor of all Pokémon."" It's so rare that it is still said to be a mirage by many experts, some even claiming that the species is extinct. Apparently, it appears only to the pure-hearted and strong-willed.",New Species,Psychic,,0.4,4,,Synchronize,,,,,Rare